task_id,action_summary,why_needed,destination,required_docs,steps_short,steps_detail,office_hours,address,phone,done_condition,faq
RN-H24-01,病院・主治医から「死亡診断書（死体検案書）」を受け取る,すべての手続きの出発点です。この書類がないと、死亡届も保険金請求も何も始められません。,故人が亡くなった病院・施設,なし（医師が作成・交付）,1. 医師から「死亡診断書」を受け取る\n2. 氏名・死亡日時・場所・医師署名を確認\n3. 誤りがあればその場で訂正を依頼\n4. クリアファイルに入れて保管,1. 通常は医師から渡されます。渡されない場合は看護師に「死亡診断書をいただけますか」と声をかけてください。\n2. 漢字の間違い、日時のズレがないか目で確認してください。病院を離れた後だと修正に時間がかかります。\n3. —\n4. 折り曲げ・水濡れで使えなくなることがあります。すべての手続きの出発点になる書類です。,,,,死亡診断書の原本が手元にあり、記載内容を確認済み。,"Q.費用は？→3,000〜10,000円程度。検案書は30,000〜100,000円の場合も\nQ.何部もらえる？→原本は通常1部。コピーで対応します\nQ.名前の漢字が違う→その場で医師に伝えてください"
RN-H24-02,死亡診断書の原本をコピーし、5部以上を手元に残す。役場に届け出ると原本は回収されるため、必ず届出前にコピーすること。,保険金請求・銀行届出・年金手続きなど、あらゆる場面でコピーが必要です。原本は役場に回収されるため、出す前に必ずコピーしてください。,コンビニ・自宅プリンター等,死亡診断書（原本）,1. A3サイズのまま5部以上コピーする（10部あると安心）\n2. 文字・押印が鮮明か確認\n3. スマホでも表裏を撮影しておく\n4. 原本とコピーを別々の場所に保管,1. コンビニのマルチコピー機、自宅プリンター、葬儀社のコピー機が使えます。\n2. 医師の署名・押印が読み取れることを必ず確認してください。\n3. 正式にはコピーが必要ですが、内容確認のとき写真があると便利です。\n4.【重要】役場に死亡届を出すと原本は回収されます。必ず届出前にコピーと撮影を済ませてください。,コンビニなら24時間,,,コピーが5部以上あり、原本と分けて保管されている。,Q.何部あれば安心？→最低5部、10部あると余裕があります\nQ.スマホで撮影でもいい？→撮影もしておくと便利ですが、正式にはコピーが必要です\nQ.コンビニが近くにない→役場や葬儀社でコピーできる場合もあります
RN-H24-03,病院からご遺体を搬送し、安置する場所を手配する。葬儀社が決まっていなくても搬送だけ依頼できる。,病院の霊安室は長時間の安置ができません。搬送だけを先に手配し、葬儀社はあとから決めても大丈夫です。,葬儀社／自宅／安置施設,死亡診断書（搬送時に携行）,1. 葬儀社が決まっている→連絡して搬送依頼\n2. 決まっていない→病院提携の搬送業者に依頼\n3. 安置先を決める（自宅 or 安置施設）\n4. 搬送時に死亡診断書を携行,1. 葬儀社に電話して「病院から遺体の搬送をお願いしたい」と伝えてください。\n2. 看護師に「搬送業者を紹介してもらえますか」と聞いてください。搬送を頼んだ葬儀社に葬儀を依頼する義務はありません。\n3. 自宅安置の場合はドライアイスの手配が必要です。葬儀社が届けてくれます。\n4. 搬送中に提示を求められる場合があります。,24時間対応,{要確認：北竜町近隣の葬儀社},{要確認：葬儀社の電話番号},ご遺体が安置先に搬送・安置されている。,"Q.葬儀社が決まっていないが→搬送だけ先に依頼できます。その葬儀社に葬儀を頼む義務はありません\nQ.自宅に安置できる？→可能です。ドライアイスの手配が必要です\nQ.搬送の費用は？→10,000〜30,000円程度が目安です"
RN-H24-04,故人の通帳・印鑑・キャッシュカード・保険証券・年金手帳などを探し、1か所にまとめて保管する。,今後の手続き（銀行届出・保険金請求・相続）すべてで必要になります。紛失すると再発行に時間がかかります。,故人の自宅・施設の居室,なし,1. 故人の自宅で通帳・印鑑・保険証券・年金手帳等を探す\n2. 見つけたものをスマホで撮影してリスト化\n3. 1か所にまとめて鍵のかかる場所に保管\n4. 保管場所を家族に共有,1. 探す場所の目安：タンスの引き出し、仏壇周り、金庫、書斎の机、寝室。探すもの：通帳・カード・届出印・保険証券・年金手帳/証書・健康保険証・介護保険証・マイナンバーカード・免許証・権利証・固定資産税通知書・車検証。遺言書が見つかっても絶対に開封しないでください。\n2. 通帳は口座番号のページ、保険証券は証券番号のページも撮影しておくと後で役立ちます。\n3. —\n4. LINEやメモで「○○の□□に保管した」と伝えておくと安心です。見つからないものがあっても再発行できるので焦らなくてOKです。,,,,貴重品リストが作成され、安全な場所に保管されている。,Q.通帳が見つからない→銀行に届け出れば再発行できます\nQ.印鑑がどれかわからない→全部保管して銀行で照合してもらいましょう\nQ.故人と同居していなくて家に入れない→大家や管理会社に事情を説明し立ち会いをお願いしてください
RN-H24-05,故人の自宅の施錠・ガスの元栓・水回りを確認する。北竜町の冬季は水道管凍結にも注意。,空き家になると防犯上のリスクや、冬季の水道管凍結・ガス漏れの危険があります。,故人の自宅,なし,1. 全窓・全ドアの施錠を確認\n2. ガスの元栓を閉める\n3. 冬季は水道の水抜きをする（不明なら役場に相談）\n4. 不要な電気機器のコンセントを抜く\n5. 郵便受けに鍵をかける,1. 裏口・勝手口・2階の窓も忘れずにチェックしてください。\n2. コンロの元栓だけでなく、ガスメーター付近の元栓も閉めてください。\n3. 冬季（11〜3月）に空き家になる場合は凍結リスクがあります。北竜町役場（0164-34-2111）に「水抜きの方法を教えてほしい」と相談してください。\n4. 冷蔵庫（中身の処分がまだの場合）とスマホ充電器は残してください。\n5. 同居の場合は故人の部屋の窓の施錠確認だけでOK。遠方で行けない場合は親族・大家に依頼してください。,,,,施錠・火の元・水回りが確認され安全な状態。,Q.同居している場合は？→故人の部屋の窓の施錠を確認してください\nQ.遠方で行けない→近くの親族や大家に依頼してください\nQ.冬場の水抜きがわからない→北竜町役場（0164-34-2111）に相談してください
RN-H24-06,葬儀の代表者（喪主）を家族で話し合って決める。,葬儀社との打ち合わせ・弔電の宛名・費用負担の窓口など、葬儀全体の代表者が必要です。,,なし,1. 家族で話し合い喪主を決める\n2. 一般的な順：配偶者→長男→長女→近い親族\n3. 喪主と費用負担者（施主）は別でもOK,1. 法律上の決まりはありません。\n2. —\n3. 「喪主はお母さん、費用は子どもたちで分担」も一般的です。決まったら家族全員に共有してください。,,,,喪主が決まり、家族間で共有されている。,Q.誰がやるべき？→法律上の決まりはありません。配偶者が務めることが多いです\nQ.喪主と施主の違いは？→喪主は代表者、施主は費用を負担する人です\nQ.一人っ子で配偶者もいない→甥姪や親しい友人でも務められます
RN-H24-11,故人のスマホ・PC・タブレットを探し、充電器に接続して電源を維持する。絶対にリセットしないこと。,スマホにはサブスクの契約情報、SNSアカウント、二段階認証、電子決済の情報が入っています。電池が切れると解約や引き継ぎが非常に困難になります。,,なし,1. 故人のスマホ・PC・タブレットを探す\n2. 充電器に接続して電源を維持する\n3. パスコードの心当たりをメモする\n4. リセット・SIMカード抜き取りは絶対にしない,1. 枕元・カバン・上着のポケット・充電場所を確認してください。\n2. 充電器が見つからなければ家電量販店やコンビニで購入してください。iPhone→Lightning or USB-C、Android→USB-Cが主流。\n3. よく使われるもの：誕生日、電話番号の下4桁、結婚記念日。今解除する必要はありません。\n4. パスコードを10回間違えるとデータが消える機種があります。SMS二段階認証を受信できる状態を保つことが最優先です。,,,,デジタル機器が充電され、電源が維持されている。,Q.パスコードがわからない→電源を維持したままキャリアショップに相談してください\nQ.指紋・顔認証が使えない→亡くなった後は生体認証は使えません。PIN番号が必要です\nQ.スマホが見つからない→通信キャリアに電話してGPS確認を相談してください
RN-D7-01,葬儀を依頼する葬儀社を選んで連絡する。搬送を依頼した葬儀社にそのまま頼む義務はない。互助会に加入している場合は加入先に連絡。,葬儀の段取りはすべて葬儀社との打ち合わせで決まります。,葬儀社,なし,1. 互助会加入あり→加入先に連絡\n2. 未加入→2〜3社に概算見積もりを依頼\n3. 見積もり内容を比較する\n4. 1社に決めて正式に依頼する,"1. 会員証の有無、通帳の毎月2,000〜5,000円の引落しで確認できます。\n2. 電話で「家族が亡くなったので葬儀の相談をしたいのですが」と伝えてください。\n3. 基本プランに含まれるもの・追加費用が発生しやすい項目を比較してください。\n4. 搬送を依頼した葬儀社にそのまま頼む義務はありません。別の社に頼んでも失礼にはあたりません。",24時間対応（多くの葬儀社）,{要確認：北竜町近隣の葬儀社},{要確認：葬儀社の電話番号},葬儀社が決まり、正式に依頼済み。,Q.互助会に入っていたかわからない→通帳で毎月の引落しを確認してみてください\nQ.搬送を頼んだ葬儀社に決めなきゃいけない？→別の社に依頼してもOKです\nQ.費用の目安は？→一般葬100〜200万、家族葬30〜80万が目安です
RN-D7-02,葬儀社と打ち合わせし、日程・式場・形式（一般葬/家族葬/一日葬/直葬）・予算を決める。,日程が決まらないと関係者への連絡、お寺への依頼、火葬場の予約が進みません。,葬儀社事務所または自宅,なし（死亡診断書コピーがあるとスムーズ）,1. 事前に形式・予算上限・宗教/宗派を家族で決めておく\n2. 葬儀社と日程・式場・祭壇・返礼品・料理を決める\n3. 見積書を紙でもらう\n4. 合計金額と追加費用の可能性を確認する,1. 形式：一般葬/家族葬/一日葬/直葬。予算は「○万円以内で」と伝えられるようにしておくと話がスムーズです。\n2. 葬儀社の担当者が1つずつ確認してくれます。\n3. —\n4. 不明な項目は「これは何の費用ですか」「外せますか」と聞いて問題ありません。,葬儀社の営業時間,{要確認：葬儀社},{要確認：葬儀社の電話番号},日程・式場・形式・予算が確定し、見積書を受領済み。,Q.家族葬と一般葬の違いは？→家族葬は近親者のみで行います\nQ.友引は避けるべき？→北海道では気にしない方も多いです。火葬場の休みを確認してください\nQ.見積もりに含まれないものは？→お布施、心付け、飲食の追加分などです
RN-D7-04,故人の親族・勤務先・友人・町内会などに亡くなったことを知らせる。家族葬の場合は参列辞退のお伝えも。,参列の案内や弔電・供花の受付のために必要です。家族葬の場合は「家族のみで行います」と明確に伝えることが大切です。,,なし,1. 連絡先リストを作る（親族→勤務先→友人→町内会）\n2. 故人名・死亡日・葬儀日時/場所を電話で伝える\n3. 家族葬の場合は「家族のみで行います」と明確に伝える\n4. 連絡した相手と内容を記録しておく,1. 北竜町の場合、町内会長・隣組長への連絡も検討してください。\n2. 伝え方の例：「○○の△△（続柄）の□□です。○月○日に○○が亡くなりましたのでお知らせいたします。」\n3. 「誠に勝手ながら、故人の遺志により家族のみで執り行います」と丁重に伝えてください。\n4. あとから「連絡したかどうか」がわからなくなることを防げます。,,,,主要関係者への訃報連絡が完了。,Q.家族葬なのに参列したいと言われたら→「故人の遺志により家族のみで」と丁重にお伝えください\nQ.SNSで知らせていい？→家族の合意があれば可。拡散範囲に注意してください\nQ.勤務先にはいつ連絡する？→できるだけ早めに連絡してください
RN-D7-05,葬儀に飾る遺影用の写真を選び、葬儀社に渡す。スマホの写真でもOK。,遺影は葬儀社が引き伸ばし・加工しますが、元の写真が必要です。,葬儀社,故人の写真（プリント/スマホデータ）,1. スマホ・アルバム・PCから写真を探す\n2. ピントが合い正面向きのものを2〜3枚選ぶ\n3. 葬儀社にプリントまたはデータで渡す,1. 家族のスマホにある写真（LINE送信済みのもの等）も候補になります。\n2. 集合写真の切り抜き・スマホ写真でもまったく問題ありません。\n3. データの場合はLINE・メール・USBメモリで渡せます。引き伸ばし・加工は葬儀社が行います。,,,,遺影用写真を葬儀社に渡し済み。,Q.いい写真がない→集合写真の切り抜きやスマホの写真でもOKです\nQ.費用はかかる？→葬儀プランに含まれていることが多いです\nQ.帽子やサングラスの写真は？→外した方がいいですが、故人らしさを優先する方もいます
RN-D7-06,北竜町役場 1F 住民課に「死亡届」を提出し、「火葬許可証」を受け取る。届出は葬儀社が代行してくれる場合も多い。,火葬を行うには「火葬許可証」が必要です。死亡届を出さないと火葬許可証がもらえません。,北竜町役場,死亡診断書（原本）、届出人の印鑑,1. 死亡診断書の原本と届出人の印鑑を用意する\n2. 北竜町役場1F住民課で「死亡届の提出をしたい」と伝える\n3. 窓口で必要事項を記入して提出する\n4. 「火葬許可証」を受け取りクリアファイルで保管,1. 印鑑は認印OK（シャチハタ不可）。コピーがまだの場合は先にRN-H24-02を完了してください。\n2. 平日8:30-17:15。時間外・休日は当直窓口で届出のみ受付可能。\n3. 死亡届は死亡診断書と一体の用紙（左半分）です。記入箇所は職員が教えてくれます。\n4. この許可証がないと火葬ができません。葬儀社が代行してくれることも多いです。「代行は可能ですか」と聞いてみてください。,平日 8:30-17:15（時間外・休日は当直窓口で届出のみ可）,北海道雨竜郡北竜町字和11-1,0164-34-2111,死亡届が受理され、火葬許可証が手元にある。,Q.窓口で何と言えばいい？→「死亡届の提出をしたいのですが」と伝えてください\nQ.届出は誰が出せる？→同居親族、その他の親族、同居者など。葬儀社が代行することも多いです\nQ.期限を過ぎてしまったら？→届出は受理されますが、過料の対象になることがあります
RN-D7-07,火葬後に火葬場の窓口で「埋葬許可証」を受け取り、安全に保管する。納骨の際に必要。,納骨のときに墓地管理者や寺院に提出する書類です。紛失すると再発行に手間がかかります。,火葬場（火葬後に交付）,火葬許可証（提出済みのもの）,1. 火葬終了後、火葬場の窓口で「埋葬許可証」を受け取る\n2. 記載内容を確認する\n3. 骨壺の箱の中、またはクリアファイルで保管\n4. 保管場所を家族に伝える,1. 火葬許可証に「火葬済」の印が押されたものが埋葬許可証です。新しい書類が発行されるわけではありません。\n2. 故人のお名前と日付が正しいか確認してください。\n3-4. 納骨時に墓地管理者やお寺に提出が必要です。,火葬場の営業時間内,{要確認：火葬場},,埋葬許可証が手元にあり、保管場所が共有されている。,Q.埋葬許可証と火葬許可証は同じもの？→火葬許可証に「火葬済」の印が押されたものが埋葬許可証です\nQ.紛失したら？→火葬した市区町村で再発行できます\nQ.納骨はいつまでにやる？→法律上の期限はありません
RN-D7-10,故人の銀行口座から自動で引き落とされている支払い（公共料金・ローン・保険料等）を確認し、リストにする。,銀行に届け出ると口座が凍結され、自動引落しが止まります。凍結前にどこへいくら払っているか把握しないと、料金滞納やサービス停止につながります。,,故人の通帳・カード、銀行からの郵便物,1. 故人の通帳の直近6か月分を確認する\n2. 定期引落しをリスト化（引落し先・金額・頻度・連絡先）\n3. 「名義変更で継続」「解約」「別途手続き要」に分類\n4. 銀行届出（口座凍結）のタイミングを決める,1. 未記帳ならATMで記帳してください。銀行に死亡届を出す前に行うこと。ネット銀行はスマホ/PCからログインして取引履歴を確認。\n2. —\n3. 口座が凍結されると引落しが止まります。名義変更が先に必要なもの（電気・水道等）を把握しておいてください。\n4. —,,,,自動引落しリストが作成され、対応方針が整理されている。,Q.通帳が未記帳→ATMで記帳するか、銀行の窓口で明細を取得してください（凍結前に）\nQ.ネット銀行で通帳がない→スマホかPCからログインして取引履歴を確認してください\nQ.口座はいつ凍結される？→銀行に届け出た時点で凍結されます。届け出るまでは動きます
RN-D7-11,北竜町役場で1回の来庁でまとめて行える手続きを事前に確認し、必要書類を準備する。,何度も役場に足を運ばなくて済むよう、まとめてできる手続きを1回の来庁で片付けましょう。,北竜町役場,死亡診断書コピー、本人確認書類、印鑑、故人の保険証・年金手帳等,1. タスクリストで役場関連の手続きを確認する\n2. 役場に電話して必要な持ち物を確認する\n3. 基本セットを準備する\n4. 来庁日時を決める（午前中がおすすめ）,1. 世帯主変更・保険証返却・葬祭費申請・介護保険届出・住民票の除票取得・マイナンバーカード返却等。\n2. 電話番号：0164-34-2111。「家族が亡くなったのでまとめて手続きしたい。持ち物を教えてほしい」と伝えてください。\n3. 基本の持ち物：死亡診断書コピー2部以上・届出人の本人確認書類と印鑑・故人の保険証/介護保険証/年金手帳/マイナンバーカード・届出人の振込先口座。\n4. 2〜3時間かかることを見込んでおいてください。,平日 8:30-17:15,北海道雨竜郡北竜町字和11-1,0164-34-2111,まとめ手続きと必要書類リストが整理され、来庁の段取りが決まっている。,Q.おくやみ窓口はある？→専用窓口がなくても、住民課に事前連絡すれば各課を案内してもらえます\nQ.代理人でもいい？→委任状があれば多くの手続きは代理可能です\nQ.1日で終わる？→2〜3時間で主要な手続きは完了できることが多いです
RN-D7-12,あなたの勤務先に親族が亡くなったことを届け出る。忌引休暇の取得、弔慰金の受給、団体生命保険の確認などを行う。,忌引休暇・弔慰金・見舞金・団体保険など、勤務先からの支援を受けるために必要です。,あなたの勤務先の総務部・人事部,死亡診断書コピー（会社による）、会葬礼状,1. 直属の上司に電話し忌引休暇を申請\n2. 忌引日数・弔慰金の有無を確認\n3. 団体生命保険の加入有無を確認\n4. メンタルサポート（EAP等）の有無を確認,1. 誰が亡くなったか・続柄・葬儀日程を伝えてください。\n2. 忌引日数の目安：配偶者5〜10日、親5〜7日、兄弟3日。弔慰金は総務に確認。\n3. 給与明細の控除欄に「団体保険料」があれば加入の可能性があります。\n4. —,勤務先の営業時間,,,勤務先への届出完了、忌引・弔慰金・団体保険の確認済み。,"Q.忌引休暇は何日？→就業規則によります。配偶者5〜10日、親5〜7日、兄弟3日が目安です\nQ.弔慰金はいくら？→5,000〜100,000円が一般的です\nQ.団体保険に入っているか確認するには？→給与明細の控除欄を確認してください"
RN-D7-13,北竜町役場で故人の「住民票の除票」を取得する。銀行届出・保険金請求・相続手続きなど多くの場面で必要になるため、複数枚まとめて取得しておく。,故人の最後の住所を証明する書類です。銀行届出・保険金請求・相続手続きなど多くの場面で求められます。,北竜町役場 1F 住民課,本人確認書類、印鑑、故人との関係がわかる書類,1. 役場1F住民課で「住民票の除票がほしい」と伝える\n2. 請求書に記入し本人確認書類を提示\n3. 3〜5通まとめて取得する（1通300円程度）,1. 平日8:30-17:15。\n2. —\n3. 銀行届出・保険金請求・相続手続き等で多数必要になります。死亡届提出後1〜2営業日後から取得可能です。,平日 8:30-17:15,北海道雨竜郡北竜町字和11-1,0164-34-2111,住民票の除票を必要部数取得済み。,Q.何通必要？→3〜5通がおすすめです\nQ.死亡届を出した直後に取れる？→処理後1〜2営業日後から取得可能です\nQ.遠方に住んでいる場合→郵送で請求できます
RN-D7-14,故人の勤務先に死亡を届け出て、退職手続き・死亡退職金・貸与品の返却などを進める。,最終給与の精算、退職金の支給、社会保険の喪失手続き、貸与品の返却が必要です。,故人の勤務先の総務部・人事部,死亡診断書コピー、届出者の本人確認書類,1. 勤務先に電話し「○○の遺族です」と総務を呼んでもらう\n2. 最終給与・死亡退職金について確認\n3. 社会保険の資格喪失手続き・保険証返却\n4. 源泉徴収票の発行を依頼\n5. 貸与品の返却・私物の引き取り日程を調整,1. 「○○の遺族ですが、総務のご担当者をお願いします」で大丈夫です。\n2. 退職金の金額はメモしておいてください（相続税計算で使います）。\n3. 保険証は勤務先に返却。手続きは勤務先が行います。\n4. 準確定申告（RN-M4-01）で必要になります。発行時期も確認してください。\n5. —,勤務先の営業時間,,,勤務先への届出完了、退職手続き・退職金・貸与品返却の段取り確認済み。,Q.電話しづらい→「○○の遺族ですが、総務のご担当者をお願いします」と伝えれば大丈夫です\nQ.退職金はいくら？→会社の規程によります。総務に確認してください\nQ.保険証は返す？→はい。勤務先経由で返却します
RN-D7-15,故人が入院・入居していた病院や介護施設に未払いの費用がないか確認し、請求が届いたら精算する。在宅の場合も直前の通院費の未精算がないか確認。,請求書は1〜2週間後に届くことが多く、放置すると督促状が届いて心理的負担が増します。事前に把握しておくだけで慌てずに済みます。,故人が入院・通院していた病院／入居していた介護施設,故人の保険証（返却前なら持参）、届出人の本人確認書類,1. 入院・入居していた病院/施設に電話して未精算額を確認する\n2. 通院していた病院・薬局にも未精算がないか確認する\n3. 請求書が届いたら内容を確認して支払う\n4. 領収書を保管する（医療費控除で使う可能性あり）,1. 「○○の遺族ですが、入院費用の精算について確認したい」と伝えてください。精算額と支払い方法を教えてもらえます。\n2. かかりつけ医・歯科・調剤薬局も確認してください。\n3. 高額療養費（RN-D14-04）の対象になる場合があるので、支払い前に確認をおすすめします。\n4. 準確定申告の医療費控除（RN-M4-02）で使う場合があります。すべての領収書を保管してください。,各病院・施設による,,,未払い費用の有無を確認済み。請求がある場合は精算済みまたは支払い予定が明確。,Q.請求書がまだ届いていない→1〜2週間後に届くことが多いです。病院に電話すれば金額を先に教えてもらえます\nQ.高額で払えない→分割払いに応じてくれる病院が多いです。窓口に相談してください\nQ.故人の保険で高額療養費が使える？→RN-D14-04で確認してください。還付を受けられる場合があります
RN-D7-16,故人のスマホ・PC・タブレットのパスコード（ロック）解除を試みる。解除できない場合はキャリアや専門業者に相談する。後続のサブスク解約・SNS整理に必要。,パスコードが分からないままだと、サブスクの解約、SNSの追悼アカウント設定、二段階認証が必要なサービスへのログインがすべてできなくなります。時間が経つほど解除が難しくなります。,キャリアショップ／Appleサポート／専門業者,故人の端末、届出人の本人確認書類、戸籍謄本（キャリアによる）,1. 心当たりのあるパスコードを試す（最大3回まで）\n2. iPhone→Appleサポートに相談\n3. Android→Googleの「故人のアカウントに関するリクエスト」から申請\n4. 解除できない場合→専門業者に相談,1. よく使われるもの：誕生日（6桁）、電話番号の下4桁、結婚記念日、「000000」。【重要】10回間違えるとデータが消える機種があります。3回試してダメなら止めてください。\n2. Appleサポート（0120-277-535）に「故人のiPhoneのロック解除について相談したい」と伝えてください。Digital Legacyの案内を受けられます。\n3. Googleの「故人のアカウントに関するリクエスト」ページから申請。審査に数週間かかります。\n4. 費用目安：3〜10万円。「デジタル遺品 ロック解除」で検索。北竜町にはショップがないため、電話/オンライン対応を推奨。,Appleサポート：9:00-21:00／キャリア：10:00-19:00が一般的,,Appleサポート：0120-277-535,パスコードが解除できた、または解除の方針（業者依頼等）が決まっている。,Q.パスコードを何回も試していい？→10回間違えるとデータが消える機種があります。3回までにしてください\nQ.指紋・顔認証は使えない？→亡くなった後は生体認証は使えません。PIN番号が必要です\nQ.費用をかけたくない→キャリアやApple/Googleの公式サポートにまず相談してください。無料で対応できる場合があります
RN-D7-17,銀行に届け出ると口座が凍結されるが、遺産分割の前でも「相続預金の払戻し制度」で各口座から一定額を引き出せる。制度を事前に把握しておく。,口座が凍結されると、当面の生活費・葬儀費用・医療費の支払いに困ることがあります。2019年の民法改正で創設された制度で、遺産分割前でも引き出せます。知らないと使えない制度です。,各銀行の窓口,届出人の本人確認書類、故人の戸籍謄本、届出人の戸籍謄本（相続人であることの証明）,1. 制度の内容を理解する（各口座残高×1/3×法定相続分、上限150万円）\n2. 引き出しが必要になりそうか、家族で話し合う\n3. 必要な場合は銀行に「相続預金の仮払いを利用したい」と伝える,1. 例：口座残高600万円・相続人が配偶者と子1人の場合、配偶者は600万×1/3×1/2＝100万円まで引き出せます。\n2. 葬儀費用・医療費の精算・当面の生活費を概算してみてください。\n3.【重要】実際の引き出しは銀行届出（口座凍結）後に行います。凍結前に無理に引き出す必要はありません。銀行届出の前にこの制度を知っておくことが大事です。家庭裁判所の審判による払戻しもあります（上限なし、ただし手続きに時間がかかる）。,平日 9:00-15:00（窓口）,,,制度の内容を理解し、利用の要否について方針が決まっている。,Q.遺産分割前に引き出して大丈夫？→法律で認められた制度です。引き出した分は相続分から差し引かれます\nQ.上限150万円では足りない→家庭裁判所の審判による払戻し（上限なし）もあります。ただし手続きに時間がかかります\nQ.口座が複数ある場合→口座ごとに上限が計算されます
RN-D14-01,北竜町役場で世帯主変更届を提出する。故人が世帯主で、残りの世帯員が2人以上の場合に必要。,届出が遅れると住民票や保険証の記載に影響します。,北竜町役場 1F 住民課,本人確認書類、印鑑（国保保険証があれば持参）,1. 届出が必要か確認する（故人が世帯主＆残り2人以上→必要）\n2. 新しい世帯主を決める\n3. 役場1F住民課で「世帯主変更届を出したい」と伝える\n4. 国保加入者は保険証の世帯主変更も同時に行う,1. 残り1人なら届出不要（自動的に世帯主になります）。\n2. 一般的には配偶者がなることが多いです。\n3. 持ち物：本人確認書類・印鑑。\n4. 保険証も持参してください。,平日 8:30-17:15,北海道雨竜郡北竜町字和11-1,0164-34-2111,世帯主変更届が受理され、住民票に反映されている。,Q.残り1人なら届出は不要？→はい。自動的に世帯主になるため届出不要です\nQ.配偶者と15歳未満の子だけ→原則不要です\nQ.期限を過ぎたら？→5万円以下の過料の可能性がありますが、届出は受理されます
RN-D14-02,故人の健康保険証を返却し、資格喪失の届出をする。国保・後期高齢者は役場へ、社保は故人の勤務先へ。,故人の保険証で医療費が請求されると、あとから返還を求められます。,国保・後期高齢者：北竜町役場／社保：故人の勤務先,故人の保険証、死亡確認書類、届出人の本人確認書類、印鑑,1. 保険の種類を確認（国保/後期高齢者→役場、社保→勤務先）\n2. 役場 or 勤務先に保険証を返却・届出する\n3. 高額療養費の未申請分がないか確認\n4. 扶養家族の保険切り替えが必要か確認,1. 保険証の表面を見れば種類がわかります。\n2. 役場の場合「健康保険証の返却と資格喪失の届出をしたい」と伝えてください。持ち物：故人の保険証・届出人の本人確認書類と印鑑。紛失の場合はその旨伝えればOK。社保の場合は勤務先が手続きします。\n3. →RN-D14-04へ。\n4. →RN-D14-23へ。,平日 8:30-17:15（役場）,北海道雨竜郡北竜町字和11-1,0164-34-2111,資格喪失届が提出され、保険証が返却済み。,Q.保険証が見つからない→紛失の旨を届出書に書けばOKです\nQ.社保は自分で手続きする？→勤務先が手続きします。保険証を返却してください\nQ.国保と後期高齢者の違いは？→75歳以上は後期高齢者医療です
RN-D14-03,故人の健康保険から「葬祭費」（国保）または「埋葬料」（社保）を申請する。国保は自治体により1〜7万円、社保は一律5万円。,葬儀を行った方に支給される給付金です。申請しないともらえません。,国保・後期高齢者：北竜町役場／社保：協会けんぽ支部等,故人の保険証、葬儀の領収書または会葬礼状、申請者の振込先口座、印鑑,1. 国保/後期高齢者→役場で「葬祭費の申請をしたい」と伝える\n2. 社保→協会けんぽに「埋葬料支給申請書」を郵送\n3. 振込先口座を記入して提出（1〜2か月後に振込）,1. 持ち物：故人の保険証・葬儀の領収書（または会葬礼状）・申請者の振込先口座・印鑑。支給額は自治体により3〜7万円程度。\n2. 社保は一律5万円。協会けんぽのWebサイトから申請書をダウンロードできます。\n3. 領収書がまだでも会葬礼状で申請可。時効2年。,平日 8:30-17:15（役場）,北海道雨竜郡北竜町字和11-1,0164-34-2111,葬祭費（埋葬料）の申請書を提出済み。,Q.いくらもらえる？→国保は自治体による（3〜7万円）。社保は一律5万円です\nQ.領収書がまだない→会葬礼状でも申請できます。後日申請もOK（時効2年）\nQ.直葬でももらえる？→はい。火葬費用を負担した方が申請できます
RN-D14-04,故人の入院・通院で支払った医療費が高額療養費の限度額を超えていないか確認し、超えていれば還付を申請する。,自己負担限度額を超えた分が戻ってきます。知らないと損をする制度です。,国保・後期高齢者：北竜町役場／社保：協会けんぽ支部等,故人の保険証、医療費の領収書、振込先口座、印鑑,1. 故人の医療費領収書を集める\n2. 月ごとの自己負担額を確認（約8万円/月以上なら対象の可能性）\n3. 役場に電話して該当するか確認\n4. 該当する場合は申請書を提出,1. —\n2. 限度額は年齢・所得により異なります。\n3. 0164-34-2111に電話して「高額療養費の還付があるか確認したい」と伝えてください。自分で判断できなくても教えてもらえます。\n4. 持ち物：医療費領収書・振込先口座・印鑑。,平日 8:30-17:15（役場）,北海道雨竜郡北竜町字和11-1,0164-34-2111,高額療養費の該当有無を確認済み。該当する場合は申請提出済み。,Q.限度額はいくら？→年齢・所得により異なります。70歳未満の一般的なケースで月約8万円です\nQ.入院していなくても対象？→通院でも限度額を超えていれば対象です\nQ.該当するかわからない→役場に電話して確認を依頼してください
RN-D14-05,故人の介護保険被保険者証を返却し、保険料の精算と高額介護サービス費の還付があるか確認する。,保険料の過払い分が戻る場合があります。被保険者証の返却も必要です。,北竜町役場,介護保険被保険者証、負担割合証、届出人の本人確認書類、印鑑,1. 役場で「介護保険の届出をしたい」と伝える\n2. 被保険者証を返却する\n3. 保険料の還付・高額介護サービス費の該当を確認\n4. 施設入居だった場合は施設にも連絡して精算,1. 65歳以上（または40〜64歳で要介護認定あり）が対象。持ち物：被保険者証・負担割合証・届出人の本人確認書類と印鑑。\n2. —\n3. 「保険料の還付はありますか」「高額介護サービス費の該当はありますか」と聞いてください。\n4. 「利用料の精算と退所手続きについてお聞きしたい」と伝えてください。,平日 8:30-17:15,北海道雨竜郡北竜町字和11-1,0164-34-2111,被保険者証を返却し、保険料精算・還付の確認完了。,Q.65歳未満でも対象？→40〜64歳で要介護認定を受けていた方は対象です\nQ.施設の費用が未精算→施設に直接連絡してください\nQ.保険料の還付はある？→月途中で亡くなった場合、過払い分が還付されることがあります
RN-D14-06,年金事務所に届け出て、故人の年金の受給を止める。届出が遅れると、あとから返還を求められる。厚生年金は10日以内が期限。,届出が遅れると死亡後も年金が振り込まれ、返還手続きが非常に面倒になります。,年金事務所（砂川年金事務所）／国民年金のみは北竜町役場でも可,故人の年金証書、死亡確認書類、届出人の本人確認書類,1. 届出期限を確認する（厚生年金10日、国民年金14日）\n2. 年金事務所に電話して予約する\n3. 「死亡届と未支給年金の請求を同時にしたい」と伝える\n4. 受給権者死亡届を提出する,1. 届出先：厚生年金→砂川年金事務所（0125-52-3890）、国民年金のみ→役場でも可。\n2. —\n3. 同時に手続きすると1回の来所で済みます。持ち物：故人の年金証書・死亡確認書類・届出人の本人確認書類。\n4. 郵送でも提出可。マイナンバー登録済みなら届出不要の場合あり（事務所に確認）。届出が遅れると年金が振り込まれ、返還手続きが面倒になります。,平日 8:30-17:15,砂川年金事務所：北海道砂川市西4条北5-1-1,0125-52-3890／0570-05-1165,受給権者死亡届が提出され、年金受給が停止処理されている。,Q.年金証書が見つからない→基礎年金番号がわかれば手続きできます\nQ.マイナンバー登録済みなら届出不要？→省略できる場合があります。年金事務所に確認してください\nQ.死亡後に振り込まれた年金は？→返還が必要です。未支給年金と相殺できる場合があります\nQ.戸籍謄本とは？\n→故人の家族関係を証明する公的書類です。相続手続きでは「故人の出生から死亡まで」の連続した戸籍が必要になることが多いです。\nQ.戸籍はどこで取れる？\n→故人の本籍地の市区町村役場で取得できます。郵送請求も可能です。広域交付制度（2024年3月〜）により、最寄りの窓口で他自治体の戸籍も取得できる場合があります。事前に電話確認をおすすめします。\nQ.戸籍の取得費用は？\n→戸籍謄本は1通450円、除籍謄本・改製原戸籍は1通750円です。本籍地の変更回数が多いと、合計で数千円〜2万円程度かかることがあります。
RN-D14-07,故人が受け取れなかった年金（未支給年金）を請求する。年金は後払いのため、死亡月までの未受給分が発生する。,故人が受け取るはずだった年金を、生計を同じくしていた遺族が受け取れます。請求しないともらえません。,年金事務所（砂川年金事務所）／国民年金は北竜町役場,故人の年金証書、戸籍謄本、生計同一証明書類、振込先口座、印鑑,1. 故人と生計同一だった遺族が請求できる（配偶者→子→父母の順）\n2. 年金停止届（RN-D14-06）と同時に手続きする\n3. 「未支給年金・保険給付請求書」を記入・提出,1. 年金は後払いのため、死亡月までの未受給分（最大2か月分）が発生します。\n2. 持ち物：年金証書・戸籍謄本・生計同一証明（同居なら住民票、別居なら仕送り記録等）・振込先口座・印鑑。\n3. 審査後2〜3か月で振込されます。,平日 8:30-17:15,砂川年金事務所：北海道砂川市西4条北5-1-1,0125-52-3890／0570-05-1165,未支給年金の請求書が提出済み。,Q.誰が請求できる？→生計を同じくしていた遺族です（配偶者→子→父母の順）\nQ.別居でも請求できる？→経済的援助があれば認められることがあります。第三者の証明が必要です\nQ.いくらもらえる？→最大2か月分です
RN-D14-08,遺族基礎年金・遺族厚生年金の受給資格があるか確認し、該当する場合は請求手続きを進める。年額80〜200万円以上になることも。,遺族年金は生活を支える非常に大きな制度です。該当するなら必ず請求してください。,年金事務所（砂川年金事務所）,故人の年金証書、戸籍謄本、住民票、収入証明、振込先口座、死亡診断書コピー,1. 遺族基礎年金：18歳以下の子がいる配偶者/子が対象\n2. 遺族厚生年金：故人に会社員歴があれば子なし配偶者でも対象\n3. 年金事務所に電話して受給資格を確認\n4. 該当する場合は書類を揃えて請求する,1. 年額約80万円＋子の加算。\n2. 金額は加入期間と報酬による。年金事務所で試算してもらえます。\n3. 砂川年金事務所（0125-52-3890）に「遺族年金を受け取れるか確認したい」と伝える。年金証書を手元に準備。\n4. 請求から支給開始まで3〜4か月。5年以内なら遡及受給可。年額80〜200万円以上になることもあるので、必ず確認してください。,平日 8:30-17:15,砂川年金事務所：北海道砂川市西4条北5-1-1,0125-52-3890／0570-05-1165,受給資格の有無が確認済み。該当する場合は請求に着手済み。,Q.共働きでも受け取れる？→年収850万円未満なら受給できます\nQ.子どもがいなくてももらえる？→遺族厚生年金は子なしでも配偶者が受給できる場合があります\nQ.いくらもらえる？→加入期間と報酬によります。年金事務所で試算してもらえます\nQ.戸籍謄本とは？\n→故人の家族関係を証明する公的書類です。相続手続きでは「故人の出生から死亡まで」の連続した戸籍が必要になることが多いです。\nQ.戸籍はどこで取れる？\n→故人の本籍地の市区町村役場で取得できます。郵送請求も可能です。広域交付制度（2024年3月〜）により、最寄りの窓口で他自治体の戸籍も取得できる場合があります。事前に電話確認をおすすめします。\nQ.戸籍の取得費用は？\n→戸籍謄本は1通450円、除籍謄本・改製原戸籍は1通750円です。本籍地の変更回数が多いと、合計で数千円〜2万円程度かかることがあります。
RN-D14-09,故人名義の銀行口座について、各銀行に死亡を届け出る。届け出ると口座が凍結される。凍結前に引落し整理（RN-D7-10）を済ませておくこと。,口座凍結で不正引き出しを防止します。相続手続きの起点にもなります。,各銀行の窓口,届出者の本人確認書類、故人の通帳・カード、死亡確認書類,1. 自動引落しの整理（RN-D7-10）を先に完了する\n2. 口座がある銀行すべてに電話して届出方法を確認\n3. 各銀行の窓口で届出する\n4. 「相続手続きの必要書類リスト」をもらう,1.【重要】届出をすると口座が凍結されます。名義変更が必要な引落しを先に済ませてください。\n2. 「口座名義人が亡くなりました。届出をしたい」と伝えてください。\n3. 持ち物：届出人の本人確認書類・故人の通帳/カード・死亡確認書類。\n4. 当面の生活費が必要なら「相続預金の払戻し制度」で各口座150万円まで引出し可能です。口座の解約・払戻しは遺産分割確定後（RN-M10-05）に行います。,平日 9:00-15:00（窓口）,{要確認：北空知信金、JAきたそらち、北洋銀行深川支店、ゆうちょ銀行等},{要確認：各銀行の電話番号},全銀行口座について死亡届出が完了している。,Q.凍結されると生活費が引き出せない？→「相続預金の払戻し制度」で1口座150万円まで引き出せます\nQ.全部同時に届け出る？→同時でなくてOKですが、不正引き出し防止のため早めに届け出てください\nQ.ネット銀行は？→カスタマーセンターに電話して届け出てください\nQ.戸籍謄本とは？\n→故人の家族関係（配偶者・子供など）を証明する公的書類です。\nQ.「出生から死亡まで」の戸籍はなぜ必要？\n→相続人が誰なのかを正式に確認するためです。婚姻・離婚・養子縁組などで戸籍が変わるため、すべての変遷をたどる必要があります。\nQ.戸籍はどこで取れる？\n→故人の本籍地の市区町村役場で取得できます。本籍地が複数回変わっている場合は、それぞれの自治体から取り寄せが必要です。郵送請求も可能です。\nQ.戸籍の広域交付制度とは？\n→令和6年（2024年）3月から、最寄りの市区町村窓口で他の自治体の戸籍もまとめて取得できるようになりました。ただし一部対応していない自治体もあるため、事前に電話確認をおすすめします。\nQ.戸籍の取得費用は？\n→戸籍謄本は1通450円、除籍謄本・改製原戸籍は1通750円です。本籍地の変更回数が多いと、合計で数千円〜2万円程度かかることがあります。\nQ.「原戸籍」「除籍謄本」とは？\n→「改製原戸籍（かいせいはらこせき）」は法改正前の古い形式の戸籍です。「除籍謄本」は全員が転籍・死亡などで抜けた戸籍です。どちらも「出生から死亡まで」をたどる際に必要になることがあります。\nQ.戸籍の取り寄せを専門家に頼める？\n→司法書士や行政書士に依頼すれば、職権で戸籍を一括取得してもらえます。費用は数万円程度ですが、自分で複数の自治体に郵送請求する手間と時間を大幅に削減できます。
RN-D14-10,故人名義の証券口座について、証券会社に死亡を届け出る。届出後は相続手続き完了まで売買不可。,口座凍結で不正売却を防止します。相続手続き完了まで売買はできなくなります。,各証券会社の窓口/カスタマーセンター,届出者の本人確認書類、故人の口座番号がわかる書類、死亡確認書類,1. 証券口座の有無を確認する（郵便物・通帳の配当金入金等）\n2. 各社のカスタマーセンターに電話して届出する\n3. 相続人名義の口座開設についても確認する,1. 確定申告書控えやPCのブックマークも手がかりになります。\n2. 「口座名義人が亡くなりました。届出をしたい」と伝えてください。届出後は相続手続き完了まで売買不可。\n3. どの証券会社かわからない場合は、証券保管振替機構（ほふり）に開示請求できます。,各社による,,,全証券口座について死亡届出が完了。,Q.どの証券会社かわからない→通帳の入金記録、郵便物、確定申告書から手がかりを探してください\nQ.株価が下がっているので早く売りたい→相続手続き完了まで売買不可です。速やかに手続きを進めてください\nQ.証券保管振替機構に照会できる？→はい。相続人から照会請求できます\nQ.戸籍謄本とは？\n→故人の家族関係（配偶者・子供など）を証明する公的書類です。\nQ.「出生から死亡まで」の戸籍はなぜ必要？\n→相続人が誰なのかを正式に確認するためです。婚姻・離婚・養子縁組などで戸籍が変わるため、すべての変遷をたどる必要があります。\nQ.戸籍はどこで取れる？\n→故人の本籍地の市区町村役場で取得できます。本籍地が複数回変わっている場合は、それぞれの自治体から取り寄せが必要です。郵送請求も可能です。\nQ.戸籍の広域交付制度とは？\n→令和6年（2024年）3月から、最寄りの市区町村窓口で他の自治体の戸籍もまとめて取得できるようになりました。ただし一部対応していない自治体もあるため、事前に電話確認をおすすめします。\nQ.戸籍の取得費用は？\n→戸籍謄本は1通450円、除籍謄本・改製原戸籍は1通750円です。本籍地の変更回数が多いと、合計で数千円〜2万円程度かかることがあります。\nQ.「原戸籍」「除籍謄本」とは？\n→「改製原戸籍（かいせいはらこせき）」は法改正前の古い形式の戸籍です。「除籍謄本」は全員が転籍・死亡などで抜けた戸籍です。どちらも「出生から死亡まで」をたどる際に必要になることがあります。\nQ.戸籍の取り寄せを専門家に頼める？\n→司法書士や行政書士に依頼すれば、職権で戸籍を一括取得してもらえます。費用は数万円程度ですが、自分で複数の自治体に郵送請求する手間と時間を大幅に削減できます。
RN-D14-11,故人が加入していた生命保険・医療保険・共済（JA共済・県民共済等）の死亡保険金を請求する。,保険金は請求しないと支払われません。葬儀費用や当面の生活費に充てられるため、早めの請求をおすすめします。,各保険会社のカスタマーセンター／共済窓口,保険証券、死亡診断書コピー、受取人の本人確認書類・戸籍謄本・振込先口座・印鑑,1. 加入先を確認する（保険証券・通帳の引落し記録）\n2. 各社に電話して「死亡保険金の請求をしたい」と伝える\n3. 請求書類一式を取り寄せる\n4. 書類を揃えて記入・返送する,1. わからない場合は生命保険協会の「契約照会制度」で調べられます。\n2. —\n3. —\n4. 同封するもの：死亡診断書コピー・受取人の本人確認書類/戸籍謄本/振込先口座。5営業日〜1か月で振込。JA共済はJAきたそらち窓口で手続き可能。,各社による（多くは平日9:00-17:00）,,,全保険・共済の死亡保険金請求書を提出済み。,Q.保険証券が見つからない→生命保険協会の「契約照会制度」で調べられます\nQ.受取人が故人本人になっている→法定相続人が受取人になります\nQ.相続財産になる？→受取人が指定されていれば固有財産です。ただし相続税の対象にはなります
RN-D14-12,故人名義の自動車保険や火災保険について、保険会社に届け出て名義変更または解約する。特に自動車保険は早急に。,名義変更しないと事故時に保険金が支払われないおそれがあります。,各損害保険会社のカスタマーセンター/代理店,保険証券、死亡確認書類、新名義人の本人確認書類,1. 故人名義の損害保険を確認する（保険証券・通帳）\n2. 各社/代理店に電話して名義変更 or 解約を依頼\n3. 自動車保険は等級引継ぎの可否を確認\n4. 火災保険は保険の空白期間を作らないよう注意,1. —\n2. 「契約者が亡くなりました。名義変更（または解約）をしたい」と伝えてください。\n3. 同居の家族なら引き継げることが多いです。自動車保険は特に急いでください。\n4. 先に名義変更してから、必要に応じて切り替えてください。,各社による,,,全損害保険の名義変更/解約が完了。,Q.等級は引き継げる？→同居の親族なら引き継げることが多いです\nQ.火災保険は急ぐ？→保険の空白期間を作らないよう早めに対応してください\nQ.代理店がわからない→保険証券に代理店名と連絡先が記載されています
RN-D14-15,故人名義の電気・ガス・水道の契約について、名義変更または解約をする。住み続ける場合は名義変更、空き家にする場合は解約（冬季の水道は要注意）。,故人名義のままだと請求書が届かなくなったり、供給が停止されるリスクがあります。,電力会社・ガス会社・北竜町水道担当,故人名義の請求書/契約書、新名義人の本人確認書類,1. 故人名義の公共料金を確認する\n2. 住み続ける→各事業者に電話して名義変更\n3. 空き家にする→解約（冬季の水抜きに注意）\n4. 水道は北竜町役場（0164-34-2111）に連絡,1. 請求書・通帳の引落し記録で確認できます。\n2. 「契約者が亡くなりました。名義変更をお願いしたい」と伝えれば電話1本で完了することが多いです。\n3. 冬季（11〜3月）は水道管凍結リスクあり。必ず水抜きについて役場に相談してください。\n4. ガスの閉栓は立ち会いが必要な場合があります。ガス会社に日程調整を依頼してください。,各事業者による,,北竜町役場（水道）：0164-34-2111,全公共料金の名義変更/解約が完了。,Q.電話1本でできる？→名義変更は電話のみで完了することが多いです\nQ.冬に水道を解約する場合→凍結リスクがあります。必ず水抜き処理をしてください。役場に相談をおすすめします\nQ.ガスの閉栓は？→ガス会社に電話すれば立ち会い日を案内してもらえます
RN-D14-16,故人名義の携帯電話・サブスク（動画・音楽等）・各種アカウントを解約または名義変更する。解約前にSMSの二段階認証に使っているサービスがないか確認すること。,放置すると毎月料金が発生し続けます。携帯番号はSMSの二段階認証に使われていることが多いため、解約前に他サービスの引き継ぎを確認してください。,各キャリアショップ・サービスのカスタマーセンター,故人の携帯・SIMカード、届出人の本人確認書類、死亡確認書類、故人との関係がわかる書類,1. SMS二段階認証に使われているサービスがないか確認\n2. 通帳・カード明細からサブスクをリスト化\n3. 各サービスに連絡して解約する\n4. 携帯電話は最後に解約する\n5. SNSは追悼アカウント設定 or 削除申請,1.【重要】携帯を先に解約すると、他のサービスにログインできなくなる恐れがあります。\n2. —\n3. ログインできない場合は各社カスタマーセンターに「契約者が亡くなったので解約したい」と電話。\n4. キャリアに電話 or ショップで手続き。北竜町にショップなし、電話/オンライン推奨。死亡解約は違約金免除が多い。\n5. LINEのバックアップは解約前に。,キャリアショップ：10:00〜19:00が一般的,{要確認：深川市のキャリアショップ。北竜町にはショップなし。電話/オンライン手続き推奨},,全携帯電話・サブスクの解約/名義変更が完了。,Q.暗証番号がわからなくて解約できない？→戸籍謄本と死亡証明があれば解約できるキャリアがほとんどです\nQ.LINEのデータを残したい→解約前にバックアップを取ってください\nQ.違約金はかかる？→死亡による解約は免除されることが多いです
RN-D14-17,故人名義のクレジットカードについて、カード会社に届け出て解約する。カード決済のサブスクや定期支払いがないかも確認。,放置すると年会費が発生し、不正利用のリスクもあります。,各カード会社のカスタマーセンター,クレジットカード/会員番号、届出人の本人確認書類、死亡確認書類,1. 故人名義のカードをリストアップする\n2. 各社に電話して「名義人死亡による解約」を依頼\n3. カード決済のサブスク・未払い残高・リボ残高を確認\n4. カード本体をハサミで裁断,1. 財布・郵便物・通帳・スマホ決済アプリを確認してください。\n2. 会員番号不明でも氏名・生年月日と死亡証明で手続きできます。\n3. カード解約前にサブスクの切り替え先を確認しておいてください。\n4. ICチップ部分と磁気ストライプ部分を切断してください。,各社による（24時間対応あり）,,,全カードの解約完了、未払い残高の精算方法確認済み。,Q.暗証番号がわからなくても解約できる？→はい。会員番号と死亡証明でOKです\nQ.リボ払いの残高がある→相続人に支払い義務があります。一括か分割か相談してください\nQ.ポイントは使える？→ほとんどの場合失効します。カード会社に確認してください\nQ.戸籍謄本は必要？\n→カード会社によって異なります。相続残債がある場合は戸籍謄本を求められることがあります。\nQ.戸籍はどこで取れる？\n→故人の本籍地の市区町村役場で取得できます。広域交付制度（2024年3月〜）により、最寄りの窓口でも取得できる場合があります。
RN-D14-18,故人名義の賃貸住宅（町営住宅含む）の名義変更または解約をする。住み続ける場合は名義変更、退去する場合は解約。,町営住宅は独自の規定があるため早めに役場に相談してください。,民間：管理会社・大家／町営住宅：北竜町役場,賃貸借契約書、届出人の本人確認書類、死亡確認書類,1. 町営住宅→役場に連絡（承継 or 退去を相談）\n2. 民間賃貸→管理会社/大家に連絡（名義変更 or 解約）\n3. 退去する場合は遺品整理の日程も調整,1. 北竜町役場 0164-34-2111。同居家族なら承継（名義変更）できる場合があります。\n2. 解約は通常1か月前予告が必要。敷金精算も確認してください。\n3. 業者に依頼する場合は2〜3社から見積もりを取ることをおすすめします。,役場：平日 8:30-17:15／管理会社：営業時間内,北海道雨竜郡北竜町字和11-1（町営住宅）,0164-34-2111（役場）,賃貸住宅の名義変更/解約の手続きが完了（開始済み）。,Q.町営住宅に住み続けたい→同居家族なら承継できる場合があります。役場に相談してください\nQ.退去のタイミング→解約予告期間（通常1か月前）が必要です\nQ.遺品整理業者を探している→北竜町近隣の業者に見積もりを取ってください
RN-D14-19,NHK受信契約の解約/名義変更、固定電話の解約/名義変更、郵便物の転送届を手続きする。,NHK受信料は放置すると請求が続きます。郵便転送届を出さないと重要な書類が届かなくなります。,NHK：電話／固定電話：NTT等／郵便局,故人の契約情報（お客様番号等）、届出者の本人確認書類,1. NHK→0120-151515に電話して解約 or 名義変更\n2. 固定電話→116番に電話して解約 or 名義変更\n3. 郵便転送→郵便局で転居届を提出（またはe転居でWeb手続き）,1. 電話だけで完了します。一人暮らしでテレビを置かない→解約、同居家族がいる→名義変更。\n2. 番号を残したい場合は名義変更で引き継げます。\n3. 転送期間は1年間（延長可）。故人宛の重要書類（税金通知・保険案内等）を見逃さないために必ず行ってください。,NHK 9:00-17:00／NTT 116 9:00-17:00／郵便局 平日9:00-17:00,最寄りの郵便局,NHK：0120-151515／NTT：116,NHK・固定電話の解約/名義変更が完了し、郵便転送届が提出済み。,Q.NHK解約に証明書は必要？→電話のみで完了することが多いです\nQ.転送期間はどのくらい？→1年間です。延長もできます\nQ.固定電話の番号を残したい→名義変更で引き継げます
RN-D14-20,故人が遺言書を残していないか、自宅・銀行の貸金庫・法務局・公証役場を確認する。自筆証書遺言（法務局保管以外）は絶対に開封しないこと。,遺言書がある場合はその内容に基づいて相続手続きが進みます。無視して分割するとトラブルの原因になります。,故人の自宅／法務局／公証役場,確認時：特になし／照会時：本人確認書類、戸籍謄本等,1. 故人の自宅を探す（仏壇・金庫・書斎・タンス）\n2. 法務局で保管の有無を確認する（800円）\n3. 公証役場の遺言検索システムで公正証書遺言を確認\n4. 自筆遺言が見つかったら絶対に開封せず家庭裁判所で検認,1. 銀行の貸金庫も確認してください。\n2. 旭川地方法務局本局（0166-38-1111）で「遺言書保管事実証明書」を請求（郵送請求も可）。\n3. 戸籍謄本と本人確認書類を持参して照会。\n4. 法務局保管・公正証書の場合は検認不要でそのまま使えます。遺言書がなければ遺産分割協議（RN-M3-11）へ。,法務局・公証役場：平日 8:30-17:15,旭川地方法務局：北海道旭川市宮前1条3丁目3番15号,0166-38-1111,遺言書の有無が確認済み。ある場合は検認手続き（必要時）に着手済み。,Q.見つけた遺言書を開けてしまった→開封しても遺言書は無効にはなりませんが、過料の対象になることがあります。速やかに家裁で検認してください\nQ.遺言書がなかったら→法定相続分に基づいて遺産分割協議を行います\nQ.遺言書の内容に納得できない→遺留分侵害額請求（期限1年）が可能です
RN-D14-22,故人のマイナンバーカード（または通知カード）を北竜町役場に返す。悪用防止のため。,死亡届提出でカードは自動的に無効になりますが、悪用防止のため返却が推奨されています。,北竜町役場 1F 住民課,故人のマイナンバーカード/通知カード、届出人の本人確認書類,1. 返却前に12桁の番号をメモまたは撮影\n2. 役場1F住民課に持参して返却\n3. 見つからない場合はその旨伝えればOK,1. 相続税申告等で番号が必要になる場合があります。\n2. 持ち物：故人のカード・届出人の本人確認書類。\n3. 罰則はありません。,平日 8:30-17:15,北海道雨竜郡北竜町字和11-1,0164-34-2111,マイナンバーカードを返却済み、または紛失旨を届出済み。,Q.返さないと罰則がある？→罰則はありませんが、悪用防止のため返却をおすすめします\nQ.見つからない→窓口でその旨伝えれば大丈夫です\nQ.マイナンバーは今後使う？→相続税申告等で使う場合があります。番号をメモしておいてください
RN-D14-23,故人が会社の健康保険（社保）に加入していて、その扶養に入っていた方は、国民健康保険への加入またはご自身の勤務先の保険への切り替えが必要。,故人の社保資格喪失に伴い、扶養家族の資格もなくなります。手続きしないと無保険状態になります。,国保：北竜町役場／ご自身の勤務先,故人の保険証（または資格喪失証明書）、被扶養者の本人確認書類、印鑑,1. 14日以内に切り替えないと無保険状態になる\n2. 自分の勤務先の社保に加入→総務に連絡\n3. 国保に加入→役場に資格喪失証明書を持参\n4. 任意継続（最長2年）→国保と保険料を比較して決める,1. 故人の社保の扶養に入っていた方全員が対象です。\n2. お子さんも一緒に扶養に入れられます。\n3. 資格喪失証明書は故人の勤務先から入手。持ち物：資格喪失証明書・本人確認書類・印鑑。\n4. 任意継続は20日以内に申し込みが必要。保険料が全額自己負担になるため高くなることが多いです。切り替え前に病院にかかったら、後日新保険証を提示すれば差額返金されます。,平日 8:30-17:15（役場）,北海道雨竜郡北竜町字和11-1,0164-34-2111,被扶養者全員の保険切り替えが完了し、新しい保険証を取得済み。,Q.切り替え前に病院にかかったら→後から精算できます。新しい保険証を後日病院に提出してください\nQ.国保と任意継続どちらがお得？→保険料を比較してください。故人の給与が高かった場合は国保の方が安いことが多いです\nQ.子どもの保険は？→国保に加入するか、もう一方の親の社保の扶養に入れてください
RN-D14-24,"配偶者が亡くなり、高校卒業までのお子さんがいる場合、児童扶養手当（月額最大45,500円）やひとり親関連の給付を確認・申請する。",申請月の翌月分から支給されるため、早めの申請が有利です。,北竜町役場,請求者と子の戸籍謄本、住民票、所得証明書、振込先口座、年金手帳、印鑑,1. 配偶者死亡＆18歳以下の子がいる場合が対象\n2. 役場に電話して「児童扶養手当の申請を相談したい」と伝える\n3. 必要書類を揃えて窓口で申請\n4. ひとり親医療費助成・就学援助・住宅手当も確認,"1. 全部支給で月額45,500円（子1人。最新額は役場にご確認ください）所得制限あり。\n2. 0164-34-2111。必要書類を案内してもらえます。\n3. 主な持ち物：戸籍謄本・住民票・所得証明書・振込先口座・印鑑。\n4. 児童手当の受給者変更も忘れずに。遺族年金と併給の場合は差額支給。",平日 8:30-17:15,北海道雨竜郡北竜町字和11-1,0164-34-2111,受給資格確認済み。該当する場合は申請提出済み。,"Q.いくらもらえる？→全部支給で月45,500円（2024年11月〜。最新額は役場にご確認ください）\nQ.所得制限はある？→全部支給は年収約160万円以下が目安です\nQ.遺族年金と両方もらえる？→遺族年金の額が児童扶養手当より少なければ差額が支給されます"
RN-D14-25,故人が亡くなった年度の住民税・固定資産税は相続人に納付義務が引き継がれる。多くの自治体が「相続人代表者指定届」の提出を求めるため、届出と支払い方法を確認する。,亡くなった方の税金は消えるわけではなく、相続人が引き継いで納付します。届出をしないと、納税通知書が届かず延滞金が発生するおそれがあります。,北竜町役場,届出人の本人確認書類、印鑑、故人の納税通知書（届いている場合）,1. 役場に電話して「亡くなった家族の税金の届出について聞きたい」と伝える\n2. 相続人代表者指定届を提出する\n3. 届いた納税通知書の内容を確認し、納付する\n4. 固定資産税がある場合は評価証明書も取得しておく（相続登記で使う）,1. 北竜町役場（0164-34-2111）。住民税は故人の前年所得に対して課税されるため、不動産がなくても発生します。\n2. 届出書は窓口でもらえます。相続人のうち誰が代表して通知を受け取るかを届け出ます。\n3. 故人が亡くなった月によっては、すでに納付済みの場合もあります。「過払い分の還付はありますか」と聞いてください。\n4. 固定資産評価証明書は1通約300円。相続登記（RN-Y3-01）で必要になります。,平日 8:30-17:15,北海道雨竜郡北竜町字和11-1,0164-34-2111,相続人代表者届を提出済み。納付方法を確認済み。,Q.死んだ人の税金を払うの？→はい。相続人に納付義務が引き継がれます\nQ.届出しないとどうなる→納税通知書が届かず延滞金が発生するおそれがあります\nQ.固定資産税は誰が払う？→遺産分割が決まるまでは相続人全員に連帯納付義務があります。代表者届で通知先を一本化できます
RN-D14-27,故人がiDeCo（個人型確定拠出年金）や企業型確定拠出年金（企業型DC）に加入していた場合、遺族が「死亡一時金」を請求できる。請求しないと5年で権利が消滅し国庫に帰属する。,数十万〜数百万円の資産が請求漏れで国庫に帰属するケースが実際に発生しています。公的年金（RN-D14-06〜08）とは別の制度なので、忘れずに確認してください。,iDeCo：加入していた金融機関（運営管理機関）／企業型DC：故人の勤務先,死亡診断書コピー、届出人の本人確認書類、戸籍謄本、届出人の振込先口座,1. 故人がiDeCo・企業型DCに加入していたか確認する\n2. iDeCo→運営管理機関に電話して「加入者死亡による一時金請求をしたい」と伝える\n3. 企業型DC→故人の勤務先の総務に連絡する\n4. 請求書類を取り寄せ、記入・返送する,1. 確認方法：故人の勤務先に聞く、通帳の引落し記録で「国民年金基金連合会」の記載を探す、故人宛の郵便物で運営管理機関からの通知を探す。\n2. 運営管理機関がわからない場合は、国民年金基金連合会（03-5411-6129）に「加入者が亡くなりました。運営管理機関を教えてほしい」と問い合わせてください。\n3. 企業型DCは勤務先の総務/人事が手続きを案内してくれます。故人の勤務先届出（RN-D7-14）と一緒に確認するとスムーズです。\n4. 審査後1〜2か月で振込。受取人の順位は配偶者→子→父母→孫→祖父母→兄弟姉妹。,国民年金基金連合会：平日 9:00-17:00,,国民年金基金連合会：03-5411-6129,加入の有無を確認済み。加入していた場合は請求書を提出済み。,Q.加入しているかわからない→勤務先に聞くか、通帳で「国民年金基金連合会」の引落しを探してください\nQ.いくらもらえる？→加入期間と運用状況によります。運営管理機関に残高を確認してください\nQ.公的年金の手続きとは別？→はい。遺族年金（RN-D14-08）や未支給年金（RN-D14-07）とはまったく別の手続きです\nQ.請求期限は？→5年です。期限を過ぎると国庫に帰属し、取り戻せません
RN-D14-28,故人が「契約者」として保険料を払い、被保険者が配偶者や子など別の家族になっている生命保険・医療保険がないか確認する。口座凍結で保険料の引落しが止まると、家族の保険が失効するおそれがある。,故人の死亡保険金の請求（RN-D14-11）とは別に、故人が保険料を払っていた家族の保険が存在する場合があります。口座凍結で引落しが止まり、気づかないうちに保険が失効すると取り返しがつきません。,各保険会社のカスタマーセンター／共済窓口,保険証券、届出人の本人確認書類、死亡確認書類,1. 故人名義の保険証券をすべて確認する\n2. 「契約者＝故人、被保険者＝家族」の保険がないか探す\n3. 該当する保険があれば保険会社に連絡して契約者変更をする\n4. 保険料の支払い方法を変更する,1. 保険証券の「契約者」「被保険者」「受取人」の欄を確認してください。通帳の引落し記録も手がかりになります。\n2. よくあるパターン：夫が契約者で妻が被保険者の医療保険、親が契約者で子が被保険者の学資保険・生命保険。\n3. 「契約者が亡くなりました。契約者変更の手続きをしたい」と伝えてください。被保険者または保険金受取人が新しい契約者になるのが一般的です。\n4. 口座凍結で引落しが止まっても、多くの保険会社は一定期間（1〜3か月）は失効を猶予します。ただし猶予期間を過ぎると失効するため、早めの手続きを強くおすすめします。,各社による（多くは平日9:00-17:00）,,,「契約者＝故人、被保険者＝家族」の保険の有無を確認済み。該当する場合は契約者変更・支払い方法変更が完了。,Q.どうやって見つける？→保険証券の「契約者」と「被保険者」が違う人になっている保険を探してください\nQ.失効したらどうなる？→保障がなくなります。復活できる場合もありますが、健康状態の審査が必要になることがあります\nQ.学資保険も対象？→はい。契約者が故人で被保険者がお子さんの学資保険は、契約者変更が必要です。払込免除特約がついている場合もあるので保険会社に確認してください
RN-D49-01,ご遺骨の納骨先を決め、墓地管理者や寺院に連絡して日程を調整する。四十九日法要に合わせる方が多いが、法律上の期限はない。,納骨先の確保や日程調整には時間がかかるため、早めに動き始めることをおすすめします。,菩提寺・墓地管理者・霊園,埋葬許可証（RN-D7-07で保管したもの）,1. 墓あり→菩提寺/管理者に連絡して日程調整\n2. 墓なし→永代供養/樹木葬/散骨/手元供養を検討\n3. 埋葬許可証・お布施・お花等を準備\n4. 参列者に日時・場所を連絡,1. 四十九日法要に合わせることが多いですが、法律上の期限はありません。\n2. 決められない場合は自宅安置のままでも法律上問題ありません。急がなくて大丈夫です。\n3. お布施の目安：3〜5万円。お寺に直接聞いても失礼ではありません。\n4. 会食の有無も伝えてください。,寺院・霊園による,{要確認：菩提寺・霊園},{要確認：寺院の電話番号},納骨先が決まり、納骨日程が確定している。,Q.四十九日までに納骨しないといけない？→法律上の期限はありません。自宅に安置し続けてもOKです\nQ.お墓がない場合は？→永代供養、樹木葬、散骨などの選択肢があります\nQ.お布施の相場は？→四十九日法要で3〜5万円が目安です。お寺に聞いて大丈夫です
RN-D49-02,香典をいただいた方への香典返し（忌明け返し）を手配する。いただいた金額の1/3〜1/2程度が目安。,香典をいただいた方へのお礼として贈るのが一般的なマナーです。,百貨店・ギフトショップ・葬儀社,香典帳（氏名・金額リスト）,1. 香典帳を整理する（氏名・住所・金額）\n2. いただいた額の1/3〜1/2の品物を選ぶ\n3. 挨拶状を添えて忌明け後に届くよう発送,1. —\n2. 定番：お茶・海苔・タオル・カタログギフト等の「消え物」。葬儀社・百貨店・ギフトショップで注文できます。\n3. 当日返し済みの場合は、高額香典（1万円以上）の方への追加返しのみでOK。,,,,香典返しの品物選定・発送手配が完了。,"Q.金額の目安は？→いただいた額の1/3〜1/2。1万円の香典なら3,000〜5,000円の品物です\nQ.何を贈ればいい？→お茶、海苔などの消え物やカタログギフトが一般的です\nQ.家族葬で香典を辞退した場合→受け取っていなければ不要です"
RN-D49-03,故人の自宅や部屋に残された遺品（衣類・家具・日用品・思い出の品など）の整理について、方針を決める。自分でやるか、業者に依頼するか、当面そのままにするか。,遺品整理は感情的に最もつらい作業のひとつです。「いつやるか」「誰がやるか」を決めるだけでも気持ちが楽になります。無理に急ぐ必要はありません。,故人の自宅／遺品整理業者,特になし,1. 急いでやる必要があるか確認する（賃貸の退去期限等）\n2. 自分でやるか、業者に依頼するか決める\n3. 業者に依頼する場合は2〜3社から見積もりを取る\n4. 形見分けしたいものを先に取り分けておく,1. 持家で急ぎでなければ、気持ちが落ち着いてからで大丈夫です。賃貸の場合は退去期限があるので、RN-D14-18で確認した日程に合わせて計画してください。\n2. 自分でやる場合の目安：1Kで1〜2日、一軒家で1〜2週間。業者に依頼する場合の費用目安：1Kで3〜8万円、一軒家で15〜50万円。\n3. 「遺品整理」で検索し、遺品整理士認定協会の認定業者から選ぶと安心です。見積もり時に「追加料金が発生する条件」を必ず確認してください。\n4. 貴金属・現金・通帳・書類・写真・手紙など、相続や思い出に関わるものは業者が来る前に取り分けてください。,,,,遺品整理の方針（時期・方法）が決まっている。,Q.いつやればいい？→法律上の期限はありません。気持ちが向いたときで大丈夫です。賃貸の退去期限がある場合はそれに合わせてください\nQ.業者の費用は？→1Kで3〜8万円、一軒家で15〜50万円が目安です。2〜3社から見積もりを取ってください\nQ.捨てられない→すべてを捨てる必要はありません。「残す」「譲る」「処分する」の3つに分けるだけでも進みます
RN-M3-01,故人の財産（プラス）と負債（マイナス）を把握した上で、相続するか放棄するかを判断する。放棄する場合は3か月以内に家庭裁判所に申し立てが必要。,期限を過ぎると自動的に「単純承認」（負債も全て相続）になります。,旭川家庭裁判所深川出張所,相続放棄申述書、故人の戸籍謄本、住民票の除票、申述人の戸籍謄本、収入印紙800円、郵便切手,1. プラスの財産とマイナスの財産を把握する\n2. プラスが多い→何もしなくてOK（単純承認）\n3. マイナスが多い/不明→相続放棄を検討\n4. 放棄する場合→家庭裁判所に申述書を提出\n5. 判断がつかない→期間伸長の申し立てができる,1. 財産目録（RN-M3-07）と負債調査（RN-M3-02）を並行して進めてください。\n2. —\n3.【重要】期限は相続開始を知った日から3か月以内。超えると自動的にすべて相続。\n4. 旭川家裁深川出張所（0164-23-2813）。必要物：申述書・故人の戸籍謄本・住民票の除票・申述人の戸籍謄本・収入印紙800円・切手。\n5. 期限前に家裁に申し立てれば3か月延長が認められることがあります。,平日 8:30-17:00,旭川家庭裁判所深川出張所：北海道深川市2条1番4号,0164-23-2813,相続の方針が決定。放棄する場合は家裁に申述済み。,Q.3か月で判断できない→家庭裁判所に期間伸長の申し立てができます\nQ.放棄するとどうなる？→最初から相続人でなかった扱いになります。財産も負債も一切引き継ぎません\nQ.一部だけ放棄できる？→できません。全部承認か全部放棄の二択です
RN-M3-02,故人の借金・保証債務・連帯債務を調査し、負債の全体像を把握する。信用情報機関への開示請求で確認可能。,相続すると負債も引き継ぎます。相続放棄の判断（3か月以内）に間に合うよう早めに調べてください。,信用情報機関（CIC・JICC・KSC）、故人の自宅,戸籍謄本、届出者の本人確認書類、死亡確認書類,1. 自宅で借用書・ローン契約書・督促状を探す\n2. 通帳の引落し記録からローンを確認する\n3. 信用情報機関3か所に開示請求する\n4. 結果をリスト化する,"1. —\n2. 「○○ファイナンス」「○○カード」等の記載があれば借入の可能性あり。\n3. CIC（0570-666-414）・JICC（0570-021-717）・KSC（03-3214-5020）。各約1,000円、郵送可。「相続人として故人の信用情報の開示請求をしたい」と伝える。必要物：戸籍謄本・本人確認書類・死亡確認書類。\n4. 個人間の貸借・連帯保証は信用情報に載りません。契約書で確認が必要です。",各機関による,,CIC：0570-666-414／JICC：0570-021-717／KSC：03-3214-5020,負債の全体像が把握されリスト化されている。,"Q.相続人でも信用情報の開示請求はできる？→はい。戸籍謄本等があれば請求できます\nQ.連帯保証人の確認方法は？→信用情報で一部判明します。個人間の保証は記載されないため契約書で確認が必要です\nQ.開示請求の費用は？→1機関あたり約1,000円です"
RN-M3-03,故人の出生から死亡までの連続した戸籍謄本と、相続人全員の戸籍謄本・印鑑証明書を集める。ほぼすべての相続手続きで必要な基本書類。,出生から死亡までの連続した戸籍で法定相続人が確定します。銀行・法務局・税務署などあらゆる場面で必要です。,故人の本籍地の役場／広域交付制度で最寄り役場も可,請求者の本人確認書類、印鑑、手数料（1通450〜750円）,1. 故人の出生〜死亡までの連続した戸籍謄本を取得\n2. 相続人全員の現在の戸籍謄本を取得\n3. 相続人全員の印鑑証明書を2〜3通ずつ取得,1. 本籍地は住民票の除票で確認。取得方法：本籍地の役場（直接/郵送）、または広域交付制度で最寄りの役場でも可（2024年3月〜）。手数料：1通450〜750円。\n2. 各相続人が自分の本籍地の役場で取得。\n3. 住所地の役場またはコンビニ（マイナンバーカードがあれば）で取得。揃ったら法定相続情報一覧図（RN-M3-05）を早めに取得すると以降の手続きがスムーズです。,平日 8:30-17:15,北海道雨竜郡北竜町字和11-1（本籍が北竜町の場合）,0164-34-2111,故人の連続した戸籍と相続人全員の戸籍・印鑑証明書がすべて揃っている。,Q.広域交付とは？→2024年3月から本籍地以外の役場でも戸籍が取得できるようになりました\nQ.何通ずつ必要？→法定相続情報一覧図（RN-M3-05）を取得すれば1セットで済みます\nQ.本籍地が遠方→郵送請求ができます。広域交付制度の活用も検討してください
RN-M3-04,故人名義の住宅ローンや借入金について借入先に届け出る。団体信用生命保険（団信）に加入していれば、保険金でローンが完済される。,団信に加入していれば残債がゼロになります。届出が遅れると遅延損害金が発生するリスクがあります。,借入先の金融機関,死亡診断書コピー、届出人の本人確認書類、戸籍謄本、ローン契約書,1. 借入先の金融機関に電話して届出する\n2. 団体信用生命保険（団信）の加入有無を確認\n3. 団信加入→保険金でローン完済\n4. 団信未加入→返済引継ぎ or 相続放棄を検討,1. 「借入人が亡くなりました。届出をしたい」と伝えてください。届出が遅れると遅延損害金のリスクがあります。\n2. これが最も重要な確認事項です。住宅ローンの場合ほぼ加入しています。\n3. 金融機関の案内に従い保険金を請求。残債全額が返済されます。\n4. —,各金融機関による,,,住宅ローン・借入金の届出完了、団信の適用有無確認済み。,Q.団信に入っているかわからない→住宅ローン契約時にほぼ加入しています。借入先に確認してください\nQ.団信で残債がゼロになる？→はい。残債全額が保険金で返済されます\nQ.連帯債務の場合→故人の分のみ団信で完済。もう一方の債務は残ります
RN-M3-05,法務局に申し出て「法定相続情報一覧図」を取得する。戸籍謄本の束を何セットも用意する必要がなくなり、手続きが大幅に楽になる。無料。,銀行・法務局・税務署での相続手続きのたびに戸籍謄本の束を出す必要がなくなります。,旭川地方法務局（本局）,故人の戸籍謄本一式（RN-M3-03）、住民票の除票、相続人の住民票、申出人の本人確認書類,1. 法務局Webの記載例に従い一覧図と申出書を作成\n2. 戸籍謄本一式・住民票の除票・本人確認書類と一緒に法務局に提出\n3. 1〜2週間後に認証文付きの写しを受け取る（何枚でも無料）,1. 手書きでもPCでもOKです。\n2. 旭川地方法務局本局（0166-38-1111）、窓口・郵送可。\n3. 5〜10枚取得しておくと安心。これがあれば銀行・法務局・税務署で毎回戸籍の束を出す必要がなくなります。,平日 8:30-17:15,旭川地方法務局：北海道旭川市宮前1条3丁目3番15号,0166-38-1111,認証文付きの写しを必要枚数取得済み。,Q.自分で作れる？→はい。法務局のWebに記載例があります。手書きでもPCでもOKです\nQ.費用は？→無料です。何枚でも無料で取得できます\nQ.司法書士に頼むべき？→自分でもできますが、不安な場合は依頼してください（3〜5万円程度）
RN-M3-07,故人のプラスの財産（預貯金・不動産・株式・保険等）とマイナスの財産（ローン・借金・未払い税金等）をすべてリスト化して「財産目録」を作成する。,遺産分割協議、相続税申告、相続放棄の判断など、すべての相続手続きの土台になる最も重要な書類です。,,通帳、証券書類、登記簿、固定資産税通知書、保険証券、借用書、ローン契約書等,1. プラスの財産をリスト化（預貯金・不動産・有価証券・保険・自動車等）\n2. マイナスの財産をリスト化（ローン・借入金・未払い税金・医療費等）\n3. 各財産の評価額を確認する（死亡日時点）\n4. 一覧表にまとめて相続人全員に共有,1. 預金→銀行に残高証明書を請求。不動産→役場で固定資産評価証明書を取得。株式→証券会社に残高証明書を請求（評価は死亡日の終値）。\n2. —\n3. 農地の評価は固定資産税評価額と相続税評価額が異なります。税理士に相談をおすすめします。\n4. 遺産分割協議（RN-M3-11）・相続税申告・相続放棄判断のすべての土台になります。,,,,相続財産目録が完成し、相続人全員に共有されている。,Q.評価額の調べ方は？→預金は残高証明書、不動産は固定資産評価証明書、株式は死亡日の終値です\nQ.財産の所在がわからない→通帳・郵便物・確定申告書から手がかりを探してください\nQ.農地の評価は？→固定資産税評価額と相続税評価額は異なります。税理士に相談をおすすめします\nQ.戸籍謄本とは？\n→故人の家族関係（配偶者・子供など）を証明する公的書類です。\nQ.「出生から死亡まで」の戸籍はなぜ必要？\n→相続人が誰なのかを正式に確認するためです。婚姻・離婚・養子縁組などで戸籍が変わるため、すべての変遷をたどる必要があります。\nQ.戸籍はどこで取れる？\n→故人の本籍地の市区町村役場で取得できます。本籍地が複数回変わっている場合は、それぞれの自治体から取り寄せが必要です。郵送請求も可能です。\nQ.戸籍の広域交付制度とは？\n→令和6年（2024年）3月から、最寄りの市区町村窓口で他の自治体の戸籍もまとめて取得できるようになりました。ただし一部対応していない自治体もあるため、事前に電話確認をおすすめします。\nQ.戸籍の取得費用は？\n→戸籍謄本は1通450円、除籍謄本・改製原戸籍は1通750円です。本籍地の変更回数が多いと、合計で数千円〜2万円程度かかることがあります。\nQ.「原戸籍」「除籍謄本」とは？\n→「改製原戸籍（かいせいはらこせき）」は法改正前の古い形式の戸籍です。「除籍謄本」は全員が転籍・死亡などで抜けた戸籍です。どちらも「出生から死亡まで」をたどる際に必要になることがあります。\nQ.戸籍の取り寄せを専門家に頼める？\n→司法書士や行政書士に依頼すれば、職権で戸籍を一括取得してもらえます。費用は数万円程度ですが、自分で複数の自治体に郵送請求する手間と時間を大幅に削減できます。
RN-M3-10,相続手続きを進める代表者を相続人の間で話し合って決める。各機関との窓口を一本化して手続きを効率化するため。,相続人それぞれがバラバラに動くと混乱の原因になります。代表者を1人決めて窓口を一本化しましょう。,,なし,1. 相続人全員で話し合い、窓口となる代表者を1人決める\n2. 他の相続人から委任状をもらう\n3. LINEグループ等で連絡手段を決める,1. 法律上の義務ではありませんが、実務上スムーズになります。代表者に遺産の分け方を決める権限はありません。\n2. 委任状のフォーマットは各機関の窓口でもらえます。\n3. 進捗を定期的に共有してください。,,,,代表者が決まり、全相続人に共有されている。,Q.法律上の義務？→義務ではありませんが、実務上はスムーズに進みます\nQ.代表者の権限は？→手続きの窓口役です。遺産分割の内容を勝手に決める権限はありません\nQ.意見が合わない→弁護士に相談するか、家庭裁判所の調停を利用してください
RN-M3-11,相続人全員で遺産の分け方を話し合い、合意した内容を「遺産分割協議書」にまとめる。全員の署名・実印・印鑑証明書が必要。,不動産の名義変更、銀行口座の解約・払戻し、相続税申告で必要な重要書類です。,,相続財産目録（RN-M3-07）、戸籍・印鑑証明書（RN-M3-03）、各相続人の実印,1. 財産目録をもとに分け方を全員で話し合う\n2. 全員合意→遺産分割協議書を作成\n3. 全員が署名＋実印を押印＋印鑑証明書を添付\n4. 人数分の部数を作成する,1. 法定相続分を参考にしつつ、合意があれば自由な割合で分けられます。\n2. 記載内容：被相続人の情報・全相続人の氏名・各財産の取得者（具体的に記載）。\n3. 認印では銀行等の手続きで受付不可。必ず実印で。遠方の相続人→郵送リレー方式（書留で追跡番号を共有）。\n4. まとまらない場合→家庭裁判所の遺産分割調停（0164-23-2813）または弁護士に相談。,,,,協議書が完成し、全相続人の署名・実印・印鑑証明書が揃っている。,Q.相続人が遠方にいる→郵送で順番に署名・押印していくリレー方式が一般的です\nQ.まとまらない場合→家庭裁判所の遺産分割調停を利用するか、弁護士に相談してください\nQ.自分で作成できる？→可能ですが、不動産がある場合は司法書士への依頼をおすすめします\nQ.戸籍謄本とは？\n→故人の家族関係（配偶者・子供など）を証明する公的書類です。\nQ.「出生から死亡まで」の戸籍はなぜ必要？\n→相続人が誰なのかを正式に確認するためです。婚姻・離婚・養子縁組などで戸籍が変わるため、すべての変遷をたどる必要があります。\nQ.戸籍はどこで取れる？\n→故人の本籍地の市区町村役場で取得できます。本籍地が複数回変わっている場合は、それぞれの自治体から取り寄せが必要です。郵送請求も可能です。\nQ.戸籍の広域交付制度とは？\n→令和6年（2024年）3月から、最寄りの市区町村窓口で他の自治体の戸籍もまとめて取得できるようになりました。ただし一部対応していない自治体もあるため、事前に電話確認をおすすめします。\nQ.戸籍の取得費用は？\n→戸籍謄本は1通450円、除籍謄本・改製原戸籍は1通750円です。本籍地の変更回数が多いと、合計で数千円〜2万円程度かかることがあります。\nQ.「原戸籍」「除籍謄本」とは？\n→「改製原戸籍（かいせいはらこせき）」は法改正前の古い形式の戸籍です。「除籍謄本」は全員が転籍・死亡などで抜けた戸籍です。どちらも「出生から死亡まで」をたどる際に必要になることがあります。\nQ.戸籍の取り寄せを専門家に頼める？\n→司法書士や行政書士に依頼すれば、職権で戸籍を一括取得してもらえます。費用は数万円程度ですが、自分で複数の自治体に郵送請求する手間と時間を大幅に削減できます。\nQ.相続登記に必要な戸籍は？\n→故人の出生から死亡までの戸籍に加え、相続人全員の現在の戸籍謄本が必要です。2024年4月から相続登記が義務化されており、相続を知った日から3年以内に申請が必要です。
RN-M3-12,故人名義の農地（田・畑）について北竜町農業委員会に届出する。届出を怠ると10万円以下の過料の対象。耕作できない場合は農業委員会に相談すれば貸付等の制度を案内してもらえる。,農地法により届出が義務付けられています。,北竜町農業委員会（役場内）,届出書、登記事項証明書（または遺産分割協議書コピー）、届出者の本人確認書類,1. 故人名義の農地（田・畑）があるか確認する\n2. 農業委員会に電話して届出書を入手\n3. 必要書類を添付して提出\n4. 耕作予定がない場合は農地バンク等の制度を相談,1. 固定資産税通知書で確認できます。届出しないと10万円以下の過料。\n2. 北竜町役場内の農業委員会（0164-34-2111）。「農地所有者が亡くなりました。相続の届出をしたい」と伝えてください。\n3. 添付書類：登記事項証明書（または遺産分割協議書コピー）・届出者の本人確認書類。\n4. 農地中間管理機構への貸付等を案内してもらえます。売却には農業委員会の許可が必要。,平日 8:30-17:15,北海道雨竜郡北竜町字和11-1,0164-34-2111,農業委員会への届出が完了。,Q.農業をやるつもりがない→届出は必要です。耕作できない旨を相談すれば、農地中間管理機構への貸付等を案内してもらえます\nQ.届出しないとどうなる？→10万円以下の過料の対象になります\nQ.農地を売りたい→農業委員会の許可が必要です
RN-M4-01,故人の1月1日から死亡日までの所得について、相続人が代わりに確定申告（「準確定申告」）を行う。,一定の所得がある場合、4か月以内に申告する義務があります。申告しないと加算税・延滞税のリスクがあります。,深川税務署,源泉徴収票、確定申告関連書類（医療費領収書・保険料控除証明書等）、本人確認書類、「確定申告書付表」,1. 準確定申告が必要か判断する\n2. 必要な場合→源泉徴収票・領収書等を集める\n3. 確定申告書と「付表」を作成し相続人全員が署名\n4. 深川税務署に提出する（郵送可）,1. 年金400万円以下＆他の所得20万円以下→原則不要。事業/不動産所得あり→必要。判断できなければ深川税務署（0164-23-2191）に電話で確認。\n2. 所得計算期間は1月1日〜死亡日。\n3. 国税庁Web「確定申告書等作成コーナー」で作成可。\n4. 深川税務署：北海道深川市4条15番3号。不動産/事業所得がある場合は税理士への依頼を推奨。,平日 8:30-17:00,深川税務署：北海道深川市4条15番3号,0164-23-2191,要否判定済み。必要な場合は申告書提出済み。,Q.年金収入だけの場合→年金400万円以下で他の所得20万円以下なら原則不要です。ただし医療費控除で還付を受けられる場合は申告がお得です\nQ.自分でできる？→単純なケースなら可能です。不動産・事業所得がある場合は税理士をおすすめします\nQ.期限を過ぎたら→期限後申告は可能ですが、加算税・延滞税がかかることがあります
RN-M4-02,故人の1月1日から死亡日までの医療費が10万円を超えている場合、準確定申告で医療費控除を申告すると税金が還付される可能性がある。申告義務がなくても還付申告はできる。,死亡前に入院・手術をしていた場合、医療費が高額になっていることが多く、還付金が数万〜数十万円になることがあります。「申告義務がない＝申告しなくていい」ではなく、還付を受ける権利があります。,深川税務署,医療費の領収書、故人の源泉徴収票、届出人の本人確認書類、振込先口座,1. 故人の1月1日〜死亡日の医療費領収書を集める\n2. 合計が10万円を超えるか確認する\n3. 超える場合は準確定申告書を作成して医療費控除を申告する\n4. 深川税務署に提出する（郵送可）,1. 病院・薬局・介護サービスの領収書をすべて集めてください。通院の交通費（電車・バス）も対象です。\n2. 厳密には「10万円または総所得の5%のいずれか低い方」を超えた分が控除対象です。\n3. 準確定申告（RN-M4-01）と一緒に行えます。RN-M4-01で「申告不要」と判定された方でも、還付申告だけを行うことは可能です。国税庁Web「確定申告書等作成コーナー」で作成できます。\n4. 深川税務署（0164-23-2191）。還付金は1〜2か月後に振込。還付申告の期限は5年間なので急がなくて大丈夫ですが、領収書の紛失を防ぐため早めの整理をおすすめします。,平日 8:30-17:00,深川税務署：北海道深川市4条15番3号,0164-23-2191,医療費控除の該当有無を確認済み。該当する場合は申告書を提出済み。,Q.10万円を超えるかわからない→領収書を集めて合計してみてください。超えなければ申告不要です\nQ.申告義務がなくても還付申告できる？→はい。還付を受けるための申告は義務がなくてもできます\nQ.介護費用も対象？→おむつ代（医師の証明あり）、訪問看護、デイサービスの一部が対象です。税務署に確認してください
RN-M10-01,"相続財産の総額が基礎控除額（3,000万円＋600万円×相続人の数）を超えるか確認する。超える場合は10か月以内に相続税の申告・納付が必要。",基礎控除を超える場合のみ課税されます。特例を使って税額ゼロでも、申告は必要です。,深川税務署,相続財産目録（RN-M3-07）、不動産評価書類、残高証明書等,"1. 基礎控除額を計算（3,000万＋600万×相続人数）\n2. 財産総額 ≦ 基礎控除→申告不要\n3. 財産総額 ＞ 基礎控除→申告が必要\n4. 税理士への依頼を検討する","1. 例）相続人2人→4,200万円、3人→4,800万円。\n2. —\n3. 特例で税額ゼロでも申告は必要。期限は死亡日から10か月以内。\n4. 費用目安：遺産総額の0.5〜1%。深川税務署（0164-23-2191）。北竜町の農地には「納税猶予の特例」がある場合あり。",平日 8:30-17:00,深川税務署：北海道深川市4条15番3号,0164-23-2191,要否判定済み。必要な場合は税理士に依頼済みまたは準備中。,"Q.相続人2人の場合の非課税枠は？→4,200万円までは非課税です\nQ.税理士の費用は？→遺産総額の0.5〜1%が目安です\nQ.農地に特別な制度はある？→農業相続人には「納税猶予の特例」があります"
RN-M10-05,遺産分割協議の確定後、故人名義の銀行口座を解約して預金を受け取る。,口座凍結後の預金は遺産分割協議書等を提出しないと引き出せません。,各銀行の窓口,遺産分割協議書/遺言書、戸籍謄本一式/法定相続情報一覧図、相続人全員の印鑑証明書、本人確認書類、通帳・カード、銀行所定の相続届出書,1. 各銀行から相続届出書を取り寄せる\n2. 必要書類を揃える\n3. 銀行窓口で手続きし払戻し先口座を指定,1. 遺産分割協議（RN-M3-11）確定後に手続き可能。\n2. 主な必要物：銀行所定の届出書（全員の署名・実印）・遺産分割協議書・戸籍一式 or 法定相続情報一覧図・印鑑証明書・本人確認書類・通帳/カード。\n3. 処理に1〜3週間。法定相続情報一覧図があれば複数行を並行して進められます。,平日 9:00-15:00（窓口）,{要確認：北空知信金、JAきたそらち、北洋銀行深川支店、ゆうちょ銀行等},{要確認：各銀行の電話番号},全銀行口座の解約・払戻し完了、相続人口座に振込済み。,Q.遺産分割前に一部引き出せる？→「相続預金の払戻し制度」で各口座残高×1/3×法定相続分（上限150万円）まで引き出せます\nQ.通帳を紛失した→通帳なしで手続きできます\nQ.銀行ごとに個別手続き？→はい。法定相続情報一覧図があると効率的です\nQ.戸籍謄本とは？\n→故人の家族関係（配偶者・子供など）を証明する公的書類です。\nQ.「出生から死亡まで」の戸籍はなぜ必要？\n→相続人が誰なのかを正式に確認するためです。婚姻・離婚・養子縁組などで戸籍が変わるため、すべての変遷をたどる必要があります。\nQ.戸籍はどこで取れる？\n→故人の本籍地の市区町村役場で取得できます。本籍地が複数回変わっている場合は、それぞれの自治体から取り寄せが必要です。郵送請求も可能です。\nQ.戸籍の広域交付制度とは？\n→令和6年（2024年）3月から、最寄りの市区町村窓口で他の自治体の戸籍もまとめて取得できるようになりました。ただし一部対応していない自治体もあるため、事前に電話確認をおすすめします。\nQ.戸籍の取得費用は？\n→戸籍謄本は1通450円、除籍謄本・改製原戸籍は1通750円です。本籍地の変更回数が多いと、合計で数千円〜2万円程度かかることがあります。\nQ.「原戸籍」「除籍謄本」とは？\n→「改製原戸籍（かいせいはらこせき）」は法改正前の古い形式の戸籍です。「除籍謄本」は全員が転籍・死亡などで抜けた戸籍です。どちらも「出生から死亡まで」をたどる際に必要になることがあります。\nQ.戸籍の取り寄せを専門家に頼める？\n→司法書士や行政書士に依頼すれば、職権で戸籍を一括取得してもらえます。費用は数万円程度ですが、自分で複数の自治体に郵送請求する手間と時間を大幅に削減できます。
RN-M10-07,故人名義の自動車の名義変更（移転登録）または廃車（抹消登録）を行う。故人名義のままでは車検更新や売却ができない。,故人名義のままだと車検更新も売却もできません。自動車税の納付義務も残ります。,普通車：旭川運輸支局／軽：軽自動車検査協会,車検証、故人の戸籍謄本、遺産分割協議書、相続人の印鑑証明書・車庫証明書・委任状,1. 車検証で故人名義を確認\n2. 使い続ける→名義変更、手放す→廃車 or 売却\n3. 普通車→旭川運輸支局、軽→軽自動車検査協会\n4. 自動車保険の名義変更も忘れずに行う,1. 所有者がディーラー/ローン会社の場合は先に所有権解除が必要。\n2. 売却する場合はまず名義変更が必要。\n3. 旭川運輸支局（050-5540-2003、平日8:45-16:00）。必要物：車検証・戸籍謄本・遺産分割協議書・印鑑証明書・車庫証明書。代行はディーラー/行政書士に依頼可（1〜3万円）。\n4. →RN-D14-12。,平日 8:45-16:00（運輸支局）,旭川運輸支局：北海道旭川市春光町10番地,050-5540-2003,名義変更/廃車手続きが完了。,Q.売却したい→まず名義変更してから売却してください\nQ.自動車税は？→名義変更すると新しい所有者に課税されます。廃車は月割で還付されます\nQ.手続きを代行してほしい→ディーラーや行政書士に依頼できます（1〜3万円程度）
RN-M10-08,故人の運転免許証を最寄りの警察署に返す。法律上の義務ではないが悪用防止のために推奨。返さない場合はハサミで裁断して処分。,悪用防止のために返却が推奨されています。,最寄りの警察署（深川警察署）,故人の運転免許証、届出人の本人確認書類（求められる場合）,1. 深川警察署に持参して返却\n2. 記念に残したい場合は穴あけ処理を依頼\n3. 返却しない場合はICチップ部分をハサミで裁断,1. 深川警察署（0164-23-0110、平日8:30-17:15）。返却は義務ではなく罰則もありません。\n2. —\n3. 深川に行くついでに対応するのがおすすめです。,平日 8:30-17:15,深川警察署：北海道深川市5条1番12号,0164-23-0110,運転免許証を返却済みまたは裁断処分済み。,Q.返さないと罰則がある？→ありません。悪用防止のための推奨です\nQ.記念に残したい→穴あけ処理をして返却してもらえる場合があります\nQ.本人確認書類として使えていたが？→死亡後は本人確認書類としては使えません
RN-Y3-01,故人名義の土地・建物の名義を相続人に変更する「相続登記」を法務局に申請する。固定資産評価証明書は北竜町役場で取得可能。,2024年4月から義務化されました。3年以内に申請しないと10万円以下の過料の対象になります。登記しないと売却も担保設定もできません。,旭川地方法務局（本局）,登記申請書、戸籍謄本一式/法定相続情報一覧図、遺産分割協議書/遺言書、印鑑証明書、固定資産評価証明書、住民票、登録免許税（評価額の0.4%）,1. 固定資産評価証明書を役場で取得する\n2. 登記申請書を作成する（法務局Webに記載例あり）\n3. 必要書類を揃え、登録免許税（評価額×0.4%）を計算\n4. 法務局に申請する（窓口 or 郵送）\n5. 登記識別情報通知を受け取り安全に保管,1. 約300円。\n2. —\n3. 必要物：申請書・戸籍一式 or 法定相続情報一覧図・遺産分割協議書・印鑑証明書・新所有者の住民票・固定資産評価証明書。登録免許税は収入印紙で納付。\n4. 旭川地方法務局本局（0166-38-1111）。1〜2週間で完了。郵送申請も可。法務局の「登記手続案内」（予約制・無料）で書き方を教えてもらえます。\n5.【重要】2024年4月から義務化。3年以内に未申請だと10万円以下の過料。登記識別情報は紛失すると再発行不可。農地も相続登記が必要（農業委員会届出とは別）。複雑な案件は司法書士に依頼（1件5〜10万円目安）。,平日 8:30-17:15,旭川地方法務局：北海道旭川市宮前1条3丁目3番15号,0166-38-1111,全不動産の相続登記が完了し、登記識別情報通知を受領済み。,Q.自分でできる？→単純な案件なら可能です。法務局の「登記手続案内」（予約制）で無料相談できます\nQ.司法書士の費用は？→1件5〜10万円程度です\nQ.農地も登記が必要？→はい。農業委員会への届出（RN-M3-12）とは別に登記も必要です